,name,price
0,Falcon Lot de 6 Sahfa Zgougou avec Sous Tasse en Plastique Alimentaire,9.90 TND
1,Falcon Lot de 12 Sahfa Zgougou avec Sous Tasse en Plastique Alimentaire,18.00 TND
2,Sokany Mixeur 2en1- 400W Blender 1.5L En Verre - Moulin A Épices - silver-SK-148S,99.00 TND
3,Passoire inox maille fine,12.51 TND
4,WINOX Coffret couverts de table 30 Pièces - ZINA,69.90 TND
5,Chin Hua Cocotte-Minute - Aluminium 6L,94.90 TND
6,Florence Hachoir électrique - 700W - 3L- HK-326,87.90 TND
7,Porte - Sac Poubelle - Blanc,8.82 TND
8,Balsa Lot de 5 boites de rangement en verre avec couvercle en bois - Bocal en verre- pot,105.00 TND
9,Falcon Lot de 24 Sahfa Zgougou avec Sous Tasse en Plastique Alimentaire,34.00 TND
10,Tefal Crêpière 30 cm - G25539 - Résistante aux rayures - Tous feux,59.00 TND
11,Tefal Wok 28 cm - Résistante aux rayures - Tous feux - G28419 - Noir,59.00 TND
12,Couzinox Cocotte - Autocuiseur-Pure 4l - Inox-18-10,249.00 TND
13,Mini Hachoir-Batteur - Manuel,29.90 TND
14,"Fackelmann Passoire inox - 42410 - 7,5 cm",7.40 TND
15,Nicer Dicer Plus Mini Hachoir Manuel - A 3 Lames Inox - Avec Corde,15.90 TND
16,Casse-noisettes - Casse-noix - Outil de casse-noix en acier inoxydable,29.00 TND
17,X6 Hachoir A Viande - EMG18605B - 1500 W - Garantie 1 An,125.10 TND
18,5 Couvercles De Casserole Poignées - Noir,11.90 TND
19,Étagère De Rangement pliable- Organisateur d'étagère - Support  Étagère pliable,25.00 TND
20,Balsa 1 Boite de rangement en verre avec couvercle en bois 1100ml-Bocal en verre - Pot,27.00 TND
21,Cookart Faitout 24cm + Couvercle en Verre - Gris,24.90 TND
22,WINOX Coffret couverts de table 24 Pièces - KENZA,59.90 TND
23,Balsa 1 boite de rangement en verre avec couvercle en bois 700ml -Bocal en verre - Pot,24.50 TND
24,Balsa 1 boite de rangement en verre avec couvercle en bois 450ml -Bocal en verre - Pot,22.00 TND
25,Florence Hachoir électrique - 500W - Bol en verre - HK-348 -Bleu,75.00 TND
26,Tefal Crêpière 25 cm - Unlimited - Résistante aux rayures - Tous feux - Noir,59.00 TND
27,Suncook Bac à Glaçons Silicone  avec Couvercle- Facile à Démouler - Moules Glaçons,12.00 TND
28,Couzinox Cocotte - Autocuiseur 4+7 L- Coloris - Noir - Inox 18-10 - Garantie 3 ans,358.00 TND
29,Casse-noisettes - Casse-noix - Outil de casse-noix en acier inoxydable,16.00 TND
30,Trend lot de 4 pcs - Support de casserole pour plaques,8.99 TND
31,Suncook Bac à Glaçons Silicone  avec Couvercle- Facile à Démouler - Moules Glaçons,12.00 TND
32,Suncook Bac à Glaçons Silicone  avec Couvercle- Facile à Démouler - Moules Glaçons,12.00 TND
33,Couzinox Lot de 3 casseroles 14+18+20 cm -Coloris-Noir - Inox 18-10,149.00 TND
34,Tefal Poêle 24 cm - Résistante aux rayures - Tous feux - Noir,59.00 TND
35,Balsa Boite de rangement en verre avec couvercle en bois 250ML - Bocal en verre - Pot,15.00 TND
36,Balsa 1 boite de rangement en verre avec couvercle en bois 1400ml-Bocal en verre - Pot,29.90 TND
37,Couzinox Cocotte-Autocuiseur- 4+7L -coloris-Rouge-INOX-18-10,358.00 TND
38,Étagère De Rangement pliable- Organisateur d'étagère - Support  Étagère pliable,19.00 TND
39,Mini-Batteurs à Oeufs Électriques - Orange,13.41 TND
40,Arow Boite à pain Luxe avec Porte Avant Coulissante - Boite à pain en bois,155.00 TND
41,Balsa Lot de 4 boites de rangement en verre avec couvercle en bois-Bocal en verre- pot,105.00 TND
42,Cocotte minute - Aluminium - 8 L - Argent,94.90 TND
43,ARIAN Ensemble de Batteries de Cuisine - 8Pièces,149.00 TND
44,Couzinox Cocotte-Autocuiseur 4+7L -Coloris- violet - Inox 18-10,358.00 TND
45,Arow Boite à pain Luxe avec Porte Avant Coulissante - Boite à pain en bois,155.00 TND
46,Tefal Poêle 24 cm - ultimate - Résistante aux rayures - Noir,59.00 TND
47,Casse-noisettes - Casse-noix - Outil de casse-noix en acier inoxydable,19.90 TND
48,Couzinox Lot de 2 casseroles-14+20 cm-Coloris - Rouge - Inox 18-10,94.90 TND
49,Couzinox Lot de 3 casseroles 14+18 +20 cm -coloris-Rouge - Inox 18-10,149.00 TND
50,Couzinox Batterie de cuisine 8 pièces-Coloris - Noir - Inox 18-10 - Garantie 5 ans,358.00 TND
51,Perfect Ensemble Batterie De Cuisine  - 9 Pièces - Inox  - 4STCLK,139.00 TND
52,Borcam Plat à four avec Couvercle- Plateau rôtissoire rectangulaire en verre,39.90 TND
53,Couzinox Batterie de cuisine 8 pièces - Rouge - Coloris - Inox 18/10 - Garantie 5 ans,358.00 TND
54,Florence Hachoir À Viande Électrique 1000W - JSMG305 - Rouge - Garantie 1 an,179.00 TND
55,Porte serviette - de table - Bronze,14.00 TND
56,Borcam Plat à four avec Couvercle-Plateau rôtissoire ovale en verre - Moule four,48.00 TND
57,Hascevher Ensemble De Batterie De Cuisine Inox 18/10 - 9Pièces - 3STCK  - Rouge,189.00 TND
58,Hascevher Cocotte Couscoussier 2en1 Inox 18/10 - 7Litres - 3STMDK,229.00 TND
59,Mug en céramique - Blanc - Imprimé avec encre de sublimation - Frida,12.00 TND
60,Arow Boite à pain Luxe avec Porte Avant Coulissante - Boite à pain en bois,155.00 TND
61,Étagère De Rangement pliable- Organisateur d'étagère - Support  Étagère pliable,23.00 TND
62,Cuillère à café- acier inoxydable - 6 pièces - argent,43.00 TND
63,Couzinox Lot de 3 casseroles 14+16 +18 cm -coloris-Rouge - Inox 18-10,129.90 TND
64,Arow Boite à pain Luxe avec Porte Avant Coulissante - Boite à pain en bois,155.00 TND
65,Tefal Poêle 24 cm - Résistante aux rayures - Noir,59.00 TND
66,Arow Boite à pain Luxe avec Porte Avant Coulissante - Boite à pain en bois,155.00 TND
67,Pro Thermos de café - Acier inoxydable - Noir,20.99 TND
68,Moulinex Cafetière Subito FG1218  - 800 W - 12 Tasses - Noir - Garantie 1 An,125.00 TND
69,60*300cm Stickers muraux Papier Adhésif De Cuisine Motif Marbre,16.99 TND
70,Décorateur électrique Café Et Gâteau - Rose,12.51 TND
71,"Tristar Bouilloire - WK-3379 -1,7 L - Noir -2200 W - Garantie 2 ans",112.00 TND
72,Balance Electronique - 10 Kg - Blanc,23.00 TND
73,Tefal Sauteuse 26cm Tempo Flame +Couvercle - Antiadhésive - Tous feux sauf induction,69.00 TND
74,Fackelmann Passoire Inox - 42450 -  Diamètre 19 cm,27.00 TND
75,"Princess Blender - 212091 - Acier inoxydable -1,5 L- 4 vitesses + Pulse - 6 lames",199.00 TND
76,Tristar Moulin à café - KM-2270 - Inox -150 W - Acier inoxydable - Garantie 2 ans,89.00 TND
77,Cookart 100% Granite - Pack Découverte - Lot de 4 pièces - Noir,56.99 TND
78,Cookart Lot de 2 Poêles 24 cm & 30 cm - Rouge,28.99 TND
79,Florence Mixeur Plongeant 4en1 - 600W - HK-335 - Rouge,85.90 TND
80,WINOX Coffret couverts de table 20 Pièces - DOUJA,47.99 TND
81,Ceylan Appareil 4en1 Panini -Gaufre-Zouza-Cake - Garantie 1 an,187.00 TND
82,Happy House Mousseur à Lait Manuel,32.99 TND
83,Sokany Grille Pain 2 Tranches HJT-022 - 700W Blanc,38.00 TND
84,"Moulinex Blender Uno LM220 - 350W - Bol 1,25l - Garantie 1An",129.90 TND
85,Sofpince Lots de 6 Optifrigos pour Réfrigérateur - transparent,19.99 TND
86,Cookart Couscoussier 6L - Noir - El Gusto,54.90 TND
87,"Moulinex Blender Genuine LM242B25 - 500 W - Bol 1,75 L - 2Acc - Garantie 1 An",199.00 TND
88,Hommer Boîte chauffante lunch box électrique - À Compartiments Amovibles - Rose,38.00 TND
89,Biolux Fontaine Fraîche D’eau - DE25R - Garantie 1 an,379.00 TND
90,Finder Couteau de Poche Extra Tranchant Finder - Mini Couteau de Camping Auto-défense,36.90 TND
91,Home Electronics Appareil 2 en 1 Panini - Zouza - Noir et inox,69.00 TND
92,Nicer Dicer Plus Découpe de précision en une Etape - Vert,26.99 TND
93,Distributeur Triple Papier- 3 en 1 - Blanc,22.90 TND
94,WINOX Grill - 30*30 cm - Granite,64.90 TND
95,Mini balance de bijoux numérique 200g/0.01g - De présicion pour bijoux & cuisine,49.00 TND
96,Sotufab Lot de 3 Optifrigos pour Réfrigérateur - transparents - PM,10.00 TND
97,Appareil - Coupe Frites - Pomme de Terre - Argent,39.00 TND
98,Florence Hachoir électrique - 2L - Noir,57.00 TND
99,Kiwi Pompe à eau rechargeable - KWP-8509 - Noir - Garantie 1 an,36.99 TND
100,Magic Wood Desserte de cuisine  Portes légumes - 4 Tiroirs - Bois naturel,61.99 TND
101,Boîte Chauffante Lunch Box Électrique  - Blanc/Vert,39.00 TND
102,Russell Hobbs Mixeur plongeant 3en1 Matte Black - 24702-56 - Garantie 2 Ans,249.00 TND
103,"Moulinex Moulinette avec bol DPA241 - 1000W - 1,5L - Blanc - Garantie 1 An",319.00 TND
104,Brita Pack de 2 filtres Maxtra + pour carafes BRITA,55.00 TND
105,Tem Théière de cuisine - Elios - Inox 18/10,44.90 TND
106,Magic house Robot Pétrin Multifonctions professionnel-5 Litres-1300W-Silver-Garantie 1an,299.00 TND
107,Xavax Balance à Bijoux Haute précision - Balance Numérique de 0.1g à 500g,59.90 TND
108,Thermomètre de Cuisine Numérique,23.99 TND
109,Balance de poche numérique - pour bijoux et cuisine - 200g,35.99 TND
110,WINOX Poêle Ø20 - VOLCANO - Gris,15.90 TND
111,Tefal Poêle 28 cm - Hard Titanium - Noir,59.00 TND
112,Day Bouteille avec tube d'aspiration - 0.7L - 75335 - Gris,19.90 TND
113,Sac isotherme - Noir,22.99 TND
114,Magic house Robot Pétrin Pâtissier - 8.5 Litres  - 1500 W - Rouge - Garantie 1 an,449.00 TND
115,Tem Batterie 15 pièces - Elios - Inox 18/10,399.90 TND
116,Mug Revolver - Céramique - 15 Cm X 10.5 Cm,20.50 TND
117,MIXSTAR Hachoir à viande - Inox - Electrique - Noir - 2 Litres - 300 W,59.00 TND
118,Severin Emulsionneur - Mixeur de lait - Noir - Garantie 1 an,63.00 TND
119,WINOX Coffret Mouled 12 Pièces - Zina,22.99 TND
120,Tem Couscoussier 5L - Cosmos - Inox 18/10,154.90 TND
121,Moulinex Moulinette AD56 - 800W - 200g - Système 1-2-3 - Blanc - Garantie 1 an,187.00 TND
122,Hachoir - Tout produit - Rouge,46.00 TND
123,Moulinex Mixeur Plongeant DD655 QuickChef - 3en1 - 1000 W - Pied Inox - Garantie 1An,285.00 TND
124,Machine Sous Vide-Machine de Scellage,43.00 TND
125,Galaxy Naturel Blender 2 en 1 - 1.5 Litres - avec moulin épice - Garantie 1an,65.99 TND
126,Seb Cocotte 4.5L – Couvercle en inox,259.90 TND
127,"Moulinex Blender Genuine LM240B25 - 500 W - Bol 1,75 L - Garantie 1 An",164.90 TND
128,Florence Mixeur Plongeant Multifonctions 4en1 - 600W - HK-321 - Garantie 1 an,119.00 TND
129,"Moulinex Blender Genuine - 400W - Bol 1,5 L - 2 Accessoires - Noir - Garantie 1 An",168.00 TND
130,WINOX Lot de 2 Poêles Ø26 + 20 cm - BRONZO - Beige caramel,59.90 TND
131,Russell Hobbs Batteur Matte Black - 24672-56 - Garantie 2 Ans,159.00 TND
132,Sokany Mousseur à lait et batteur à oeufs,35.00 TND
133,WINOX Coffret Mouled 12 Pièces - Douja,22.99 TND
134,WINOX Poêle - 20 cm - Granite,29.80 TND
135,Moulinex Batteur HM211 - 2 Vitesses - 200 W - Ivoire - Garantie 1 An,156.00 TND
136,Tem Pot à café 250 ml - Cosmos - Inox 18/10,23.00 TND
137,Moulinex Mixeur - LM4205 BlendForce - 600 W - Bol 2L - Rouge - Garantie 1 An,194.00 TND
138,Chin Hua 6 Pièces Bricolage Tarte Anneau Moule Gâteau Antiadhésif,35.00 TND
139,Tem Casserole 16 cm - Cosmos - Inox 18/10,64.90 TND
140,Sokany Four électrique 3 en 1- Machine à Café - Sandwich et Petit Déjeuner -Garantie 1 An,189.00 TND
141,Florence Machine à Café Turc Électrique -600W  -Bleu - HK-356 - Garantie 1an,69.90 TND
142,Couscoussier 6L - Rouge,48.00 TND
143,Golden House Hachoir Électrique 400W -1.5Litres - GHHB-3106 - Noir - Garantie 1 an,69.00 TND
144,Gobelet Verre Porte Brosse à Dents,10.00 TND
145,Sokany Moulin Electrique à café 500W - 300g -Épices et Zgougou,135.00 TND
146,Support pour Réfrigérateur Machine à laver avec 8 roues - Noir,43.99 TND
147,Kiwi Mixeur 3 en 1 - Mixeur plongeant + batteur + hachoir - Pied inox - 450 watt,90.00 TND
148,Mijoteuse 20 cm - Rouge,19.00 TND
149,Sokany Appareil Grille Pain 2 Fentes 700W,59.90 TND
150,Galaxy Naturel Blender 2 en 1 - 1.5 Litres - Garantie - 1an,69.00 TND
151,Gdl Blender - 350 W - Blanc - Garantie 1 An,74.90 TND
152,Moulinex Robot Multifonctions - EasyForce - 700W - Blanc - Garantie 1 An,389.00 TND
153,Trend Plateau tournant - Plastique - Pour gâteau - 28cm,31.90 TND
154,WINOX Poêle - 20cm - Marmo,23.90 TND
155,Hachoir électrique inox rouge 2 Litre 300 w,65.00 TND
156,WINOX Poêle Ø26 - BRONZO - Beige caramel,34.90 TND
157,Moulinex Blender Blendeo - 450W - Bol 1.5L - 2 ACCESSOIRES - Garantie 1 An,159.00 TND
158,"Moulinex Mixeur Plongeant DD471A10 - 450 W - 0,8L - Crème - Garantie 1 An",156.00 TND
159,WINOX Batterie 10 pièces - VOLCANO - Antiadhésif - 5 couches,156.90 TND
160,Russell Hobbs Mixeur plongeant Explore - 22240-56,79.00 TND
161,WINOX Casserole Ø14 - VOLCANO - Gris,15.90 TND
162,Tefal Wok 24 cm - Revêtement anti-adhésif - Noir,59.00 TND
163,Tem Set de 3 pots à café - Cosmos - Inox 18/10,64.90 TND
164,Arnica Mixeur - Diva Trend - 3en1 - GH-21593 - 1200w - Noir & Rose Gold - Garantie 1 An,149.00 TND
165,Sokany Cafetière Électrique Professionnelle  12 tasses,89.00 TND
166,"Moulinex Blender Genuine LM241B25 - 500 W - Bol 1,75 L - Acc Moulin à café -Garantie 1 An",185.00 TND
167,Sokany Machine à cônes de glace - 1200 W,86.99 TND
168,Balance de poche numérique - pour bijoux et cuisine - 200g,37.99 TND
169,WINOX Crepière - 26 cm - Granite,31.90 TND
170,Russell Hobbs Robot multifonction Desire Matt Black- 24732-56 - Noir - Garantie 2 Ans,349.00 TND
171,Moulinex Hachoir HV1 ME106832 -1400W - 3en1 - Noir - Garantie 1 An,339.90 TND
172,WINOX Autocuiseur Aluminium  6 L - La Cocotte,159.90 TND
173,Moulinex Robot Kitchen Machine - 1100W -  6 Vitesse+Turbo - Blanc - Garantie 1 An,899.00 TND
174,Cookart Couscoussier 6L - Noir,59.00 TND
175,Russell Hobbs Blender 500W Explore - 22250-56 - Garantie 1 An,159.00 TND
176,Tem Batterie 8 Pièces -  Cosmos - Inox 18/10,389.90 TND
177,"Kiwi Set Mixeur 3 En 1 - 500 W  - 0,5 L  - KHB-4440 - Blanc - Garantie 1 an",126.00 TND
178,WINOX Sauteuse Ø24 cm + Couvercle - VOLCANO  - Gris,32.90 TND
179,Moulinex Robot Multifonctions Master Chef FP211  - 500W - Blanc - Garantie 1 An,209.00 TND
180,Birpa Râpe multifonction - Blanc,15.00 TND
181,Sotufab Portes légumes & Fruits 4 étagères,49.00 TND
182,Arnica Mixeur Plongeant - Panna - GH21580 - 1200W - Noir,61.00 TND
183,Mijoteuse 32cm - Bleu,55.00 TND
184,Casserole 18cm + couvercle - Rouge,18.00 TND
185,Sokany Hachoir à viande  Professionnelle électrique puissant 1500W en acier inoxydable,179.00 TND
186,Tefal Wok 28 cm - Revêtement anti-adhésif - Tous feux - Noir,59.00 TND
187,Florence Mixeur Plongeant Multifonction 4 en 1 - 500 ml - 600 W - Noir - Garantie 1 An,116.00 TND
188,X66 Robot Pétrin Multifonctions 3en1 1200W -SM1200  - Silver - Garantie 1an,389.00 TND
189,Galaxy Naturel Four micro-onde - Encastrable 20L - Garantie 1 An,529.00 TND
190,Marmite 6L - Rouge,23.00 TND
191,Caffitaly Machine à Café Maia S33 1450 W - Noir - Garantie 1 an,239.00 TND
192,Gdl Blender - 250W - Garantie 1 an,79.00 TND
193,Sayona Crêpière électrique - 650 W,49.00 TND
194,Enzo Blender Ultra Puissant 2L 4500W ET-868 -Rouge - Garantie 1 an,100.99 TND
195,Arnica Mixeur Plongeant - Panna - GH21581 - 1200W - Blanc,64.00 TND
196,Topmatic Robot pétrin - 5L - 1400W - Rouge - Made in Germany - PKM-1400 - Garantie 1 An,298.90 TND
197,STAR ONE Mixeur - plongeant - 400 w - inox - st-6001,56.05 TND
198,Coffret De Couteaux de Cuisine - 7 Pièces,45.00 TND
199,Galaxy Naturel Robot Pétrin - Multifonctions - Rouge- MK 36 - Garantie 1 An,239.00 TND
200,Tem Crêpière - 28cm - Cielo,32.80 TND
201,Sotufab Optifrigo pour Réfrigérateur - BR60-T00 - Transparent,5.99 TND
202,WINOX Coffret couverts de table 24 Pièces - ZINA,74.90 TND
203,Galaxy Naturel Robot multifonction - SQ-2130 - Noir - Garantie 1 an,184.28 TND
204,WINOX Coffret couverts de table 20 Pièces - KENZA,59.00 TND
205,WINOX Coffret couverts de table 24 Pièces - Morjéne -,193.90 TND
206,Moulinex Mixeur - Plongeant - 350w - Blanc - DD1011EG - Garantie 1 an,119.00 TND
207,Sotufab Lot de 4 Boîtes Keep'N Fresh - Rouge,14.99 TND
208,Crêpière 25cm - Noir,18.00 TND
209,Russell Hobbs Robot multifonction 600W Horizon - 24731-56 - Garantie 2 Ans,397.00 TND
210,Russell Hobbs Blender 650W Desire - 24720-56 - Garantie 2 Ans,229.00 TND
211,Florence Robot Multifonctions Florence 15 in 1 - 2899-10 - Blanc - Garantie 1 an,249.00 TND
212,Moulinex Moulinette AD56 - 800W - 200g - Système 1-2-3 - Blanc - Garantie 1 an,215.00 TND
213,WINOX Poêle - 26cm - Magma,39.90 TND
214,Moulinex Robot - FP246110 - Blanc - Garantie 1 an,442.00 TND
215,Moulinex Mixeur - Plongeant - Turbomix - Plus - Blanc - Pied En Inox - DD101141 - Garantie 1 An,133.00 TND
216,WINOX Coffret couverts de table 49 Pièces - Morjéne -,379.90 TND
217,WINOX Lot 2 Faitouts Ø22+18 cm + Couvercle - VOLCANO - Gris,59.90 TND
218,WINOX Autocuiseur Aluminium  8 L - La Cocotte,179.90 TND
219,WINOX Pack 5Pcs : Sauteuse Ø24 + Faitout Ø22 + Casserole Ø14 - VOLCANO - Gris,78.90 TND
220,Moulinex Robot Pâtissier QA150 Master Chef Essential 800W - Garantie 1an,769.00 TND
221,Galaxy Naturel Robot Pétrin - Multifonctions - Gris MK 36 - Garantie 1 An,239.00 TND
222,Tem Batterie  - 7 pièces - Cielo,221.90 TND
223,WINOX Coffret couverts de table 24 Pièces - DOUJA - Blanc,74.90 TND
224,Arnica Mixeur 3 en 1 - Diva Trend Rose gold - GH21593- 1200W - Garantie 1 An,138.50 TND
225,WINOX Casserole Ø16 - BRONZO - Beige Caramel,26.90 TND
226,HOMIX Batteur Avec Bol  - 5 Vitesses - 200 W - Silver -Noir - Garantie 1 an,79.00 TND
227,"Moulinex Blender LM241B25 - 500 W - Bol 1,75 L - Garantie 1 An - 3016661155420 -",220.50 TND
228,Brava Porte serviette anneau - INOX - Brava,67.00 TND
229,Topmatic Mixeur Plongeant 250W - Blanc & Inox - ESTM-250.1 - Garantie 1 An,59.00 TND
230,Florence Mixeur Plongeant 300W - HK-350 - Garantie 1 an,69.00 TND
231,Topmatic Set Mixeur 3 En 1 - Blanc - 300W - ESMS-250.2 - Garantie 1 An,98.95 TND
232,Birpa Pince à griller - Silver,8.00 TND
233,Birpa Presse-purée - Rose et Blanc,11.00 TND
234,Florence Mixeur Plongeant Multifonction 4 en 1 - 1 litre - 600 W - Noir - Garantie 1 An,119.00 TND
235,Kiwi Batteur électrique 5 vitesses réglables - 200W - Blanc - Garantie 1 an,64.00 TND
236,WINOX Faitout - 26 cm - Tasty,54.90 TND
237,Topmatic Robot de Cuisine Multifonctions - 3en1 - 1800W - Made in Germany-  champagne rosé - Garantie 1 An,424.00 TND
238,Tem Casserole - 20 cm - cielo,32.90 TND
239,Poêle 28cm - Bleu 100% Granite - Bleu,25.00 TND
240,Galaxy Naturel Batteur à Main 300W -MD-8600 - Noir - Garantie 1 an,79.00 TND
241,WINOX Poêle - 30cm - Magma,45.90 TND
242,WINOX Poêle - 20cm - Magma,29.90 TND
243,WINOX Coffret couverts de table 20 Pièces - ZINA,59.00 TND
244,Couscoussier 6L Granite - Bleu Clair,74.00 TND
245,Tem Batterie  - 15 pièces - Cielo,399.90 TND
246,Caffitaly Machine à Café Maia S33 1450 W - Rouge - Garantie 1 an,239.00 TND
247,Arnica Mixeur plongeant - 3en1 - GH21593 - 1200W - Noir / rose Gold - Garantir 1 an,160.00 TND
248,WINOX Poêle - 30 cm - Granite,45.90 TND
249,WINOX Casserole - 16cm - Marmo,28.90 TND
250,"Moulinex Robot Kitchen Machine - 1100W -  6 Vitesse+Turbo -  1,5L - Rouge - Garantie 1 An",999.00 TND
251,WINOX Faitout - 22cm - Marmo,49.90 TND
252,WINOX Poêle - 20 cm - Tasty,18.90 TND
253,Tem Lot 2 Casseroles Ø18+14 cm - Gusto - Noir,39.90 TND
254,WINOX Couscoussier - 5 L - Diamond,120.90 TND
255,Hachoir Électrique 2 Vitesse - 2 Litres- 3 Lames - 200W,49.00 TND
256,WINOX Lot 2 Faitouts Ø26+20 cm + Couvercle - VOLCANO - Gris,72.90 TND
257,Topmatic Robot de Cuisine Multifonctions - 3en1 - 1800W - Rouge - Made in Germany - Garantie 1 An,424.00 TND
258,WINOX Faitout - 28 cm - Granite,86.90 TND
259,WINOX Crepière - 26 cm - Magma,31.90 TND
260,Moulinex Blender/Mixeur LM420510 BlendForce - 600W - Bol 2L - Rouge - Garantie 1 An,194.90 TND
261,Sotufab Porte Assiettes ACCORDÉON - Beige et Marron,24.00 TND
262,WINOX Batterie 9 pièces - VOLCANO - Antiadhésif - 5 couches - Gris,139.90 TND
263,Couscoussier 4L antiadhésif - Noir,51.00 TND
264,WINOX Coffret EID 12 Pièces - JAWHAR,89.90 TND
265,WINOX Coffret couverts de table 75 Pièces - Chichkhan - Inox18/10,654.90 TND
266,WINOX Grill - 30*30 cm - Magma,64.90 TND
267,WINOX Batterie Granite - 15 Pièces - Antiadhésif 7 couches,399.90 TND
268,WINOX Casserole - 18cm - Diamond,39.90 TND
269,Rooc Couteau de Coupe - Titanium - 23.5cm - T001S,10.90 TND
270,WINOX Coffret Mouled 12 Pièces - Kenza,22.99 TND
271,WINOX Coffret couverts de table 24 Pièces - Zephir  -,286.90 TND
272,Arzum Blender shake'take - Rouge - Garantie 1 an,280.00 TND
273,"Moulinex Mixeur plongeant - DD100 - 350 W - 0,8 L - Blanc - Garantie 1 An",115.00 TND
274,Tem Faitout 24 cm -Cosmos- Inox 18/10,119.90 TND
275,WINOX Batterie 8 pièces - VOLCANO - Antiadhésif - 5 couches - Gris,129.90 TND
276,Remax Robot Multifonctions -15 en 1 - Gris - Garantie 1 an,289.00 TND
277,Moulinex Batteur - 2 Vitesses - 200 W - Ivoire - HM211A11 - Garantie 1 An -,165.62 TND
278,Tem Faitout 18 cm - Cosmos - Inox 18/10,89.90 TND
279,WINOX Batterie Granite - 25 Pièces - Antiadhésif 7 couches,707.90 TND
280,Black & Decker Batteur sans bol 300 W - Blanc - Garantie 1 an,99.00 TND
281,Sotufab Cloches Micro onde - Transparent,10.00 TND
282,"Techwood Robot Multifonctions 800 W 1,5L - Hachoir et coupe salade",179.00 TND
283,Tem Poêle - 24 cm - Cielo,29.90 TND
284,Birpa Pince à sucre - Silver,6.50 TND
285,Kiwi Mini hachoir Kiwi 260W blanc Garantie 1 an,73.00 TND
286,Sokany Mixeur Plongeant & Bol -2EN1-200 W- 2 Vitesses - Noir&Gris,119.00 TND
287,WINOX Pack 4 pièces : Poêle Ø26 + Faitout Ø18 + Casserole Ø16 - BRONZO - Beige Caramel,99.90 TND
288,Kiwi Mixeur plongeant avec pied inox détachable - Blender à main - Blanc,63.00 TND
289,Telefunken Mixeur plongeant 400W - TFK-MP400 - Blanc - Garantie 2 ans,109.00 TND
290,Plat à Four 25.5x17.5cm,13.90 TND
291,WINOX Batterie Diamond- 15 Pièces - Antiadhésif 7 couches,399.90 TND
292,Rooc Deux Couteaux à Fruits - 16.5cm - MYV02 - Rose,7.90 TND
293,WINOX Batterie Granite - 12 Pièces - Antiadhésif 7 couches,332.90 TND
294,WINOX Casserole - 14 cm - Magma,32.90 TND
295,Plat à Four Rond 24cm - Rouge,11.90 TND
296,Faitout 28cm - Bleu Clair,53.00 TND
297,WINOX Coffret couverts de table 25 Pièces - Pastello - Gris,169.90 TND
298,Tem Crêpière - 25cm - Cielo,25.90 TND
299,Tem Grill à viande - 28*28cm - Cielo,54.40 TND
300,Tem Pot à café 190 ml - Cosmos- Inox 18/10,21.00 TND
301,Moulinex Batteur Quick Mix - 300W - 5 vitesses + Turbo - Blanc - Garantie 1 An,249.00 TND
302,WINOX Grill à viande - 30*30cm - Diamond,64.90 TND
303,WINOX Couscoussier 5L - Bronzo - Beige caramel,94.90 TND
304,Braun Mixeur plongeant - 750w - 11 vitesses + Turbo - Garantie 1 an,399.00 TND
305,Arnica Mixeur 3 en 1 - Diva Trend Argent - GH21592 - 1200W - Garantie 1 An,149.00 TND
306,WINOX Poêle - 30cm - Diamond,48.90 TND
307,WINOX Couscoussier - 8 L - Granite,151.90 TND
308,WINOX Couscoussier - 5 L - Magma,120.90 TND
309,Casserole 18cm - Bleu,19.00 TND
310,WINOX Couscoussier - 8 L - Diamond,151.90 TND
311,WINOX Crêpière - 26cm - Diamond,31.90 TND
312,WINOX Poêle Ø20 - BRONZO - Beige caramel,29.90 TND
313,WINOX Faitout Ø22 cm + Couvercle - VOLCANO - Gris,34.90 TND
314,Couscoussier 6L Granite - Noir,73.00 TND
315,WINOX Casserole - 14cm - Diamond,32.90 TND
316,WINOX Faitout Ø26 cm + Couvercle - VOLCANO - Gris,41.90 TND
317,Tem Batterie - 5 pièces- Cielo,137.90 TND
318,Moulinex Batteur Avec Bol - HM3111B1 - 300W - Garantie 1 an,250.00 TND
319,Remax Robot Multifonctions 15 en 1 - Gris - Garantie 1 An,289.00 TND
320,WINOX Coffret couverts de table 25 Pièces - Pastello - Rose,169.90 TND
321,Fakir Robot Multifonction - Mixeur Batteur blender hachoir -1000W-GARANTIE 1 AN,230.00 TND
322,Kiwi Batteur à main - KMX-3608 - 200W - Blanc - Garantie 1 an,55.00 TND
323,Faitout 20cm - Bleu Clair,34.00 TND
324,WINOX Poêle - 24 cm - Tasty,25.90 TND
325,WINOX Faitout Ø18 cm + Couvercle - VOLCANO - Gris,33.90 TND
326,"Moulinex Mixeur Plongeant DD471A10 - 450 W - 0,8L - Crème - Garantie 1 An",179.00 TND
327,"Moulinex Blender Genuine LM242B25 - 500 W - Bol 1,75 L - 2Acc - Garantie 1 An",219.00 TND
328,WINOX Faitout - 26cm - Diamond,83.90 TND
329,Florence Batteur Mélangeur Electrique Avec Support - 300W - HK-347 - Noir,69.00 TND
330,STAR ONE Centrifugeuse 500W - Extracteur de Jus - Noir - Garantie 1 an,167.00 TND
331,WINOX Casserole Ø18 - VOLCANO - Gris,21.90 TND
332,Tem Couscoussier - 6L - Cielo,113.90 TND
333,WINOX Poêle - 28 cm - Tasty,30.90 TND
334,Gdl Blender 2 en 1 - 1.5 Litres - Avec Moulin épice,99.00 TND
335,Chin Hua Mélangeur à Main - 2 en 1 - Avec Distributeur de Pâte - Rouge,35.00 TND
336,Kenwood Batteur avec Bol - HMP32 - 450W - Blanc - Garantie 1 an,175.00 TND
337,WINOX Faitout Ø18 + couvercle - BRONZO - Beige caramel,46.90 TND
338,WINOX Couscoussier - 5 L - Granite,120.90 TND
339,Topmatic Blender Professionel + 1accessoire - 500W +PULSE- Garantie 1an,127.00 TND
340,"Black & Decker Batteur avec bol 3,5 L 300 W - Blanc - Garantie 1 an",169.00 TND
341,WINOX Faitout - 18cm - Diamond,56.90 TND
342,Bomann Robot pétrin multifonctions - 5 L - 1000W - Rouge - Garantie 1 an,450.00 TND
343,WINOX Sauteuse - 18cm - Diamond,48.90 TND
344,Kenwood Batteur avec Bol - HMP34 - 450W - Inox - Garantie 1 an,209.00 TND
345,WINOX Faitout - 24cm - Diamond,77.90 TND
346,WINOX Poêle - 26 cm - Granite,39.90 TND
347,Sinbo Batteur 300W - Rouge - Garantie 1 an,69.00 TND
348,WINOX Faitout - 20 cm - Tasty,42.90 TND
349,WINOX Faitout - 20 cm - Magma,63.90 TND
350,WINOX Couscoussier - 8 L - Magma,151.90 TND
351,WINOX Batterie Magma - 15 Pièces - Antiadhésif 7 couches,399.90 TND
352,WINOX Poêle - 20cm - Diamond,31.90 TND
353,Faitout 18cm + Couvercle en verre,37.00 TND
354,Tem Poêle - 28 cm - Cielo,34.90 TND
355,WINOX Lot 2 Casseroles Ø18+14 cm - VOLCANO - Gris,59.90 TND
356,WINOX Batterie 6 pièces - TASTY - Antiadhésif - 5 couches - Rouge,148.90 TND
357,Faitout 22cm - Noir,36.00 TND
358,Arnica Mixeur Diva Trend,165.00 TND
359,WINOX Faitout - 24 cm - Magma,77.90 TND
360,WINOX Marmite - 5 L - Granite,75.90 TND
361,WINOX Batterie Magma - 25 Pièces - Antiadhésif 7 couches,707.90 TND
362,WINOX Pack 4 pièces - MAGMA - Antiadhésif - 7 couches - Rouge,135.90 TND
363,Arzum Mixeur plongeant 3 en 1 - Grenat - Garantie 1An,240.00 TND
364,WINOX Coffret couverts de table 25 Pièces - Pastello - Blue,169.90 TND
365,Tem Poêle - 26 cm - Cielo,36.90 TND
366,WINOX Pack 3 pièces - GRANITE - Antiadhésif - 7 couches - Gris,101.90 TND
367,Birpa Pince à glaçon - Silver,7.80 TND
368,WINOX Sauteuse -18 cm - Granite,48.90 TND
369,WINOX Batterie Diamond- 12 Pièces - Antiadhésif 7 couches,339.90 TND
370,Fakir Mixeur 3EN1 LUCCA -1000W - Rouge - Garantie 1 An,199.00 TND
371,WINOX Marmite - 5 L - Diamond,75.90 TND
372,Sotufab Egouttoir avec plateau - Plastique - Transparent,11.90 TND
373,Faitout 22cm - Bleu Clair,36.00 TND
374,Kenwood Blender - Smoothie- SB055 - 2 - Bols - 300W - Garantie 1 An,169.00 TND
375,Tem Faitout - 24 cm - Cielo,58.90 TND
376,Kiwi Mixeur - Plongeant - 300w - KHB - 4415 - Blanc,54.50 TND
377,WINOX Casserole - 18 cm - Granite,39.90 TND
378,WINOX Marmite - 5 L - Magma,75.90 TND
379,WINOX Batterie Granite - 4 Pièces - Antiadhésif 7 couches,140.90 TND
380,WINOX Casserole - 18 cm - Magma,39.90 TND
381,WINOX Batterie 5 pièces - TASTY - Antiadhésif - 5 couches - Rouge,117.90 TND
382,Livoo Batteur électrique - Noir,90.00 TND
383,Birpa Spatule à Pizza - Bleu,12.90 TND
384,WINOX Couscoussier - 5 L - Marmo,95.90 TND
385,WINOX Faitout - 24 cm - Tasty,52.90 TND
386,Tem Faitout - 18 cm - Cielo,41.90 TND
387,Floria Batteur ZLN7567  100W  - Rouge,75.00 TND
388,Sotufab Porte Assiettes Accordéon - Beige,20.90 TND
389,WINOX Sauteuse - 24cm - Magma,60.90 TND
390,WINOX Batterie Magma - 4 Pièces - Antiadhésif 7 couches,140.90 TND
391,Casserole 16cm - Bleu,21.00 TND
392,Braun Mixeur plongeant - MQ100  - Garantie 1 an,160.00 TND
393,WINOX Batterie Magma - 12 Pièces - Antiadhésif 7 couches,332.90 TND
394,WINOX Sauteuse - 24cm - Diamond,60.90 TND
395,Fakir batteur electrique  - 425 W - rouge - Garantie 1 an,160.00 TND
396,WINOX Sauteuse - 24 cm - Granite,60.90 TND
397,Tem Poêle - 30 cm - Cielo - Gris,44.90 TND
398,WINOX Faitout - 26 cm - Granite,83.90 TND
399,Tem Moule à tajine - 26cm - Cielo,34.90 TND
400,WINOX Batterie Diamond- 4 Pièces - Antiadhésif 7 couches,141.90 TND
401,Fakir Batteur électrique   - 425 W - Blanc - Garantie 1 an,160.00 TND
402,WINOX Pack 3 pièces - DIAMOND - Antiadhésif - 7 couches - Noir,114.90 TND
403,WINOX Faitout - 24 cm - Granite,77.90 TND
404,Tem Casserole - 16 cm - Cielo,24.90 TND
405,Tem Sauteuse - 24cm - Cielo,52.90 TND
406,WINOX Faitout - 22cm - Diamond,70.90 TND
407,WINOX Faitout - 18 cm - Granite,56.90 TND
408,WINOX Casserole - 14 cm - Granite,32.90 TND
409,WINOX Faitout - 22 cm - Granite,70.90 TND
410,WINOX Poêle - 26cm - Diamond,41.90 TND
411,WINOX Faitout - 22 cm - Magma,70.90 TND
412,WINOX Faitout - 20 cm - Granite,63.90 TND
413,Tem Casserole - 18 cm - Cielo,26.90 TND
414,WINOX Faitout - 18 cm - Tasty,41.90 TND
415,WINOX Faitout - 20cm - Diamond,63.90 TND
416,WINOX Faitout - 26 cm - Magma,83.90 TND
417,WINOX Pack 3 pièces - DIAMOND - Antiadhésif - 7 couches - Noir,113.90 TND
418,WINOX Sauteuse - 18 cm - Magma,48.90 TND
419,WINOX Faitout - 18 cm - Magma,56.90 TND
420,WINOX Faitout - 22 cm - Tasty,50.90 TND
421,WINOX Faitout - 28 cm - Magma,86.90 TND
422,Orient Batteur a main - OB120 - Blanc - Garantie 1 An,89.00 TND
423,Boyuan Éplucheur de pommes de terre Roto 3 en 1 - Vert,11.90 TND
424,Coupe-légumes Multifonction avec panier - Hachoir à légumes - Bleu,17.91 TND
